timestamp,api_name,status_code,response_time,state
2026-05-17 15:29:33,Google Test,200,4376,SLOW
2026-05-17 15:30:06,Google Test,200,2032,SLOW
2026-05-17 15:30:35,Google Test,200,922,OK
2026-05-17 15:31:10,Google Test,200,1205,OK
2026-05-17 15:31:40,Google Test,200,1025,OK
2026-05-17 15:32:10,Google Test,200,888,OK
2026-05-17 15:32:45,Google Test,200,986,OK
2026-05-17 15:33:15,Google Test,200,804,OK
2026-05-17 15:33:45,Google Test,200,1343,OK
2026-05-17 15:34:20,Google Test,200,786,OK
2026-05-17 16:09:25,Manohar,200,563,OK
2026-05-17 16:09:40,Manohar,200,425,OK
2026-05-17 16:09:50,Manohar,200,441,OK
2026-05-17 16:10:05,Manohar,200,677,OK
2026-05-17 16:10:20,Manohar,200,382,OK
2026-05-17 16:10:30,Manohar,200,394,OK
2026-05-17 16:10:45,Manohar,200,376,OK
2026-05-17 16:11:00,Manohar,200,391,OK
2026-05-17 16:11:15,Manohar,200,452,OK
2026-05-17 16:11:30,Manohar,200,375,OK
2026-05-17 16:11:45,Manohar,200,435,OK
2026-05-17 16:12:00,Manohar,200,421,OK
2026-05-17 16:12:15,Manohar,200,437,OK
2026-05-17 16:12:25,Manohar,200,447,OK
2026-05-17 16:12:40,Manohar,200,562,OK
2026-05-17 16:12:55,Manohar,200,444,OK
2026-05-17 16:13:13,Manohar,200,3465,SLOW
2026-05-17 16:13:25,Manohar,200,466,OK
2026-05-17 16:13:40,Manohar,200,434,OK
2026-05-17 16:13:56,Manohar,200,1385,SLOW
2026-05-17 16:14:10,Manohar,200,407,OK
